2026-09-19T20:09:39Z	reef	postgres	5	active-customers.star	1	4078.811
2026-09-19T20:09:39Z	reef	postgres	5	active-customers.star	2	3489.547
2026-09-19T20:10:01Z	reef	postgres	5	basket-pairs.star	1	8748.649
2026-09-19T20:10:01Z	reef	postgres	5	basket-pairs.star	2	8727.267
2026-09-19T20:10:14Z	reef	postgres	5	brand-returns.star	1	4032.951
2026-09-19T20:10:14Z	reef	postgres	5	brand-returns.star	2	4377.695
2026-09-19T20:11:04Z	reef	postgres	5	category-rollup.star	1	22272.548
2026-09-19T20:11:04Z	reef	postgres	5	category-rollup.star	2	22524.081
2026-09-19T20:11:28Z	reef	postgres	5	clv-buckets.star	1	9674.879
2026-09-19T20:11:28Z	reef	postgres	5	clv-buckets.star	2	9410.701
2026-09-19T20:12:18Z	reef	postgres	5	cohort-retention.star	1	22991.417
2026-09-19T20:12:18Z	reef	postgres	5	cohort-retention.star	2	23154.425
2026-09-19T20:12:23Z	reef	postgres	5	customer-orders.star	1	18.471
2026-09-19T20:12:23Z	reef	postgres	5	customer-orders.star	2	6.192
2026-09-19T20:12:55Z	reef	postgres	5	delivery-percentiles.star	1	13695.615
2026-09-19T20:12:55Z	reef	postgres	5	delivery-percentiles.star	2	13495.614
2026-09-19T20:13:00Z	reef	postgres	5	detail-extract.star	1	697.311
2026-09-19T20:13:00Z	reef	postgres	5	detail-extract.star	2	266.200
2026-09-19T20:13:18Z	reef	postgres	5	monthly-revenue.star	1	6695.420
2026-09-19T20:13:18Z	reef	postgres	5	monthly-revenue.star	2	6593.280
2026-09-19T20:13:58Z	reef	postgres	5	rfm-segments.star	1	17644.685
2026-09-19T20:13:58Z	reef	postgres	5	rfm-segments.star	2	16908.768
2026-09-19T20:14:06Z	reef	postgres	5	sales-hierarchy.star	1	1488.942
2026-09-19T20:14:06Z	reef	postgres	5	sales-hierarchy.star	2	1415.700
2026-09-19T20:14:18Z	reef	postgres	5	top-products-per-department.star	1	3405.410
2026-09-19T20:14:18Z	reef	postgres	5	top-products-per-department.star	2	3444.734
2026-09-19T20:14:23Z	reef	postgres	5	unusual-days.star	1	325.379
2026-09-19T20:14:23Z	reef	postgres	5	unusual-days.star	2	274.708
2026-09-19T20:14:35Z	reef	postgres	5	yoy-growth.star	1	3512.911
2026-09-19T20:14:35Z	reef	postgres	5	yoy-growth.star	2	3258.683
2026-09-19T20:14:48Z	reef	pgduckdb	5	active-customers.star	1	4559.597
2026-09-19T20:14:48Z	reef	pgduckdb	5	active-customers.star	2	4512.761
2026-09-19T20:14:57Z	reef	pgduckdb	5	basket-pairs.star	1	2113.316
2026-09-19T20:14:57Z	reef	pgduckdb	5	basket-pairs.star	2	2073.270
2026-09-19T20:15:08Z	reef	pgduckdb	5	brand-returns.star	1	3140.630
2026-09-19T20:15:08Z	reef	pgduckdb	5	brand-returns.star	2	2916.984
2026-09-19T20:15:29Z	reef	pgduckdb	5	category-rollup.star	1	8361.908
2026-09-19T20:15:29Z	reef	pgduckdb	5	category-rollup.star	2	8281.575
2026-09-19T20:15:37Z	reef	pgduckdb	5	clv-buckets.star	1	1562.583
2026-09-19T20:15:37Z	reef	pgduckdb	5	clv-buckets.star	2	1604.885
2026-09-19T20:15:53Z	reef	pgduckdb	5	cohort-retention.star	1	5578.677
2026-09-19T20:15:53Z	reef	pgduckdb	5	cohort-retention.star	2	5883.046
2026-09-19T20:15:58Z	reef	pgduckdb	5	customer-orders.star	1	43.301
2026-09-19T20:15:58Z	reef	pgduckdb	5	customer-orders.star	2	51.485
2026-09-19T20:16:06Z	reef	pgduckdb	5	delivery-percentiles.star	1	1853.368
2026-09-19T20:16:06Z	reef	pgduckdb	5	delivery-percentiles.star	2	1925.772
2026-09-19T20:16:12Z	reef	pgduckdb	5	detail-extract.star	1	975.363
2026-09-19T20:16:12Z	reef	pgduckdb	5	detail-extract.star	2	998.652
2026-09-19T20:16:35Z	reef	pgduckdb	5	monthly-revenue.star	1	9270.446
2026-09-19T20:16:35Z	reef	pgduckdb	5	monthly-revenue.star	2	8728.559
2026-09-19T20:16:44Z	reef	pgduckdb	5	rfm-segments.star	1	2326.833
2026-09-19T20:16:44Z	reef	pgduckdb	5	rfm-segments.star	2	2189.029
2026-09-19T20:16:57Z	reef	pgduckdb	5	sales-hierarchy.star	1	4048.669
2026-09-19T20:16:57Z	reef	pgduckdb	5	sales-hierarchy.star	2	3831.866
2026-09-19T20:17:12Z	reef	pgduckdb	5	top-products-per-department.star	1	4748.432
2026-09-19T20:17:12Z	reef	pgduckdb	5	top-products-per-department.star	2	4807.134
2026-09-19T20:17:18Z	reef	pgduckdb	5	unusual-days.star	1	775.829
2026-09-19T20:17:18Z	reef	pgduckdb	5	unusual-days.star	2	853.292
2026-09-19T20:17:42Z	reef	pgduckdb	5	yoy-growth.star	1	9671.528
2026-09-19T20:17:42Z	reef	pgduckdb	5	yoy-growth.star	2	9718.900
2026-09-19T20:17:45Z	reef	duckdb	5	active-customers.star	1	275.000
2026-09-19T20:17:45Z	reef	duckdb	5	active-customers.star	2	256.000
2026-09-19T20:17:48Z	reef	duckdb	5	basket-pairs.star	1	394.000
2026-09-19T20:17:48Z	reef	duckdb	5	basket-pairs.star	2	326.000
2026-09-19T20:17:51Z	reef	duckdb	5	brand-returns.star	1	360.000
2026-09-19T20:17:51Z	reef	duckdb	5	brand-returns.star	2	334.000
2026-09-19T20:17:59Z	reef	duckdb	5	category-rollup.star	1	3300.000
2026-09-19T20:17:59Z	reef	duckdb	5	category-rollup.star	2	3107.000
2026-09-19T20:18:02Z	reef	duckdb	5	clv-buckets.star	1	308.000
2026-09-19T20:18:02Z	reef	duckdb	5	clv-buckets.star	2	299.000
2026-09-19T20:18:05Z	reef	duckdb	5	cohort-retention.star	1	550.000
2026-09-19T20:18:05Z	reef	duckdb	5	cohort-retention.star	2	573.000
2026-09-19T20:18:08Z	reef	duckdb	5	customer-orders.star	1	31.000
2026-09-19T20:18:08Z	reef	duckdb	5	customer-orders.star	2	40.000
2026-09-19T20:18:11Z	reef	duckdb	5	delivery-percentiles.star	1	529.000
2026-09-19T20:18:11Z	reef	duckdb	5	delivery-percentiles.star	2	471.000
2026-09-19T20:18:13Z	reef	duckdb	5	detail-extract.star	1	41.000
2026-09-19T20:18:13Z	reef	duckdb	5	detail-extract.star	2	40.000
2026-09-19T20:18:16Z	reef	duckdb	5	monthly-revenue.star	1	334.000
2026-09-19T20:18:16Z	reef	duckdb	5	monthly-revenue.star	2	358.000
2026-09-19T20:18:19Z	reef	duckdb	5	rfm-segments.star	1	543.000
2026-09-19T20:18:19Z	reef	duckdb	5	rfm-segments.star	2	525.000
2026-09-19T20:18:22Z	reef	duckdb	5	sales-hierarchy.star	1	261.000
2026-09-19T20:18:22Z	reef	duckdb	5	sales-hierarchy.star	2	227.000
2026-09-19T20:18:25Z	reef	duckdb	5	top-products-per-department.star	1	560.000
2026-09-19T20:18:25Z	reef	duckdb	5	top-products-per-department.star	2	552.000
2026-09-19T20:18:27Z	reef	duckdb	5	unusual-days.star	1	17.000
2026-09-19T20:18:27Z	reef	duckdb	5	unusual-days.star	2	17.000
2026-09-19T20:18:30Z	reef	duckdb	5	yoy-growth.star	1	225.000
2026-09-19T20:18:30Z	reef	duckdb	5	yoy-growth.star	2	211.000
2026-09-19T20:19:38Z	reef	mssql	5	active-customers.star	1	479
2026-09-19T20:19:38Z	reef	mssql	5	active-customers.star	2	480
2026-09-19T20:19:42Z	reef	mssql	5	basket-pairs.star	1	1469
2026-09-19T20:19:42Z	reef	mssql	5	basket-pairs.star	2	1461
2026-09-19T20:19:44Z	reef	mssql	5	brand-returns.star	1	428
2026-09-19T20:19:44Z	reef	mssql	5	brand-returns.star	2	516
2026-09-19T20:22:24Z	reef	mssql	5	category-rollup.star	1	79327
2026-09-19T20:22:24Z	reef	mssql	5	category-rollup.star	2	79199
2026-09-19T20:22:25Z	reef	mssql	5	clv-buckets.star	1	246
2026-09-19T20:22:25Z	reef	mssql	5	clv-buckets.star	2	231
2026-09-19T20:22:29Z	reef	mssql	5	cohort-retention.star	1	1410
2026-09-19T20:22:29Z	reef	mssql	5	cohort-retention.star	2	1128
2026-09-19T20:22:30Z	reef	mssql	5	customer-orders.star	1	1
2026-09-19T20:22:30Z	reef	mssql	5	customer-orders.star	2	1
2026-09-19T20:22:56Z	reef	mssql	5	delivery-percentiles.star	1	12460
2026-09-19T20:22:56Z	reef	mssql	5	delivery-percentiles.star	2	12288
2026-09-19T20:22:58Z	reef	mssql	5	detail-extract.star	1	138
2026-09-19T20:22:58Z	reef	mssql	5	detail-extract.star	2	154
2026-09-19T20:23:02Z	reef	mssql	5	monthly-revenue.star	1	1530
2026-09-19T20:23:02Z	reef	mssql	5	monthly-revenue.star	2	1447
2026-09-19T20:23:04Z	reef	mssql	5	rfm-segments.star	1	835
2026-09-19T20:23:04Z	reef	mssql	5	rfm-segments.star	2	689
2026-09-19T20:23:06Z	reef	mssql	5	sales-hierarchy.star	1	358
2026-09-19T20:23:06Z	reef	mssql	5	sales-hierarchy.star	2	277
2026-09-19T20:23:13Z	reef	mssql	5	top-products-per-department.star	1	2920
2026-09-19T20:23:13Z	reef	mssql	5	top-products-per-department.star	2	2713
2026-09-19T20:23:14Z	reef	mssql	5	unusual-days.star	1	96
2026-09-19T20:23:14Z	reef	mssql	5	unusual-days.star	2	46
2026-09-19T20:23:17Z	reef	mssql	5	yoy-growth.star	1	1144
2026-09-19T20:23:17Z	reef	mssql	5	yoy-growth.star	2	1046
