2026-09-19T16:32:36Z	reef	postgres	5	active-customers.store	1	3615.582
2026-09-19T16:32:36Z	reef	postgres	5	active-customers.store	2	3225.534
2026-09-19T16:32:36Z	reef	postgres	5	active-customers.store	3	3337.323
2026-09-19T16:33:27Z	reef	postgres	5	basket-pairs.store	1	12530.330
2026-09-19T16:33:27Z	reef	postgres	5	basket-pairs.store	2	12501.803
2026-09-19T16:33:27Z	reef	postgres	5	basket-pairs.store	3	12634.633
2026-09-19T16:33:49Z	reef	postgres	5	brand-returns.store	1	5316.446
2026-09-19T16:33:49Z	reef	postgres	5	brand-returns.store	2	5277.228
2026-09-19T16:33:49Z	reef	postgres	5	brand-returns.store	3	5215.439
2026-09-19T16:37:29Z	reef	postgres	5	category-rollup.store	1	55271.113
2026-09-19T16:37:29Z	reef	postgres	5	category-rollup.store	2	55280.871
2026-09-19T16:37:29Z	reef	postgres	5	category-rollup.store	3	53824.410
2026-09-19T16:38:20Z	reef	postgres	5	clv-buckets.store	1	12609.133
2026-09-19T16:38:20Z	reef	postgres	5	clv-buckets.store	2	12597.961
2026-09-19T16:38:20Z	reef	postgres	5	clv-buckets.store	3	13120.272
2026-09-19T16:39:43Z	reef	postgres	5	cohort-retention.store	1	20491.974
2026-09-19T16:39:43Z	reef	postgres	5	cohort-retention.store	2	20332.693
2026-09-19T16:39:43Z	reef	postgres	5	cohort-retention.store	3	20610.058
2026-09-19T16:39:43Z	reef	postgres	5	customer-orders.store	1	0.521
2026-09-19T16:39:43Z	reef	postgres	5	customer-orders.store	2	0.426
2026-09-19T16:39:43Z	reef	postgres	5	customer-orders.store	3	0.428
2026-09-19T16:40:39Z	reef	postgres	5	delivery-percentiles.store	1	13639.476
2026-09-19T16:40:39Z	reef	postgres	5	delivery-percentiles.store	2	13816.854
2026-09-19T16:40:39Z	reef	postgres	5	delivery-percentiles.store	3	13434.473
2026-09-19T16:40:44Z	reef	postgres	5	detail-extract.store	1	1034.962
2026-09-19T16:40:44Z	reef	postgres	5	detail-extract.store	2	1164.342
2026-09-19T16:40:44Z	reef	postgres	5	detail-extract.store	3	1050.626
2026-09-19T16:41:51Z	reef	postgres	5	monthly-revenue.store	1	16839.420
2026-09-19T16:41:51Z	reef	postgres	5	monthly-revenue.store	2	16620.362
2026-09-19T16:41:51Z	reef	postgres	5	monthly-revenue.store	3	16565.369
2026-09-19T16:42:53Z	reef	postgres	5	rfm-segments.store	1	15623.295
2026-09-19T16:42:53Z	reef	postgres	5	rfm-segments.store	2	15573.749
2026-09-19T16:42:53Z	reef	postgres	5	rfm-segments.store	3	15229.474
2026-09-19T16:43:10Z	reef	postgres	5	sales-hierarchy.store	1	3494.366
2026-09-19T16:43:10Z	reef	postgres	5	sales-hierarchy.store	2	3337.275
2026-09-19T16:43:10Z	reef	postgres	5	sales-hierarchy.store	3	3540.251
2026-09-19T16:44:46Z	reef	postgres	5	top-products-per-department.store	1	23566.594
2026-09-19T16:44:46Z	reef	postgres	5	top-products-per-department.store	2	24256.360
2026-09-19T16:44:46Z	reef	postgres	5	top-products-per-department.store	3	23838.107
2026-09-19T16:44:55Z	reef	postgres	5	unusual-days.store	1	2225.729
2026-09-19T16:44:55Z	reef	postgres	5	unusual-days.store	2	2196.652
2026-09-19T16:44:55Z	reef	postgres	5	unusual-days.store	3	2148.220
2026-09-19T16:47:06Z	reef	postgres	5	yoy-growth.store	1	32412.542
2026-09-19T16:47:06Z	reef	postgres	5	yoy-growth.store	2	32164.069
2026-09-19T16:47:06Z	reef	postgres	5	yoy-growth.store	3	31967.221
2026-09-19T16:47:19Z	reef	pgduckdb	5	active-customers.store	1	3283.378
2026-09-19T16:47:19Z	reef	pgduckdb	5	active-customers.store	2	3550.841
2026-09-19T16:47:19Z	reef	pgduckdb	5	active-customers.store	3	3304.682
2026-09-19T16:47:34Z	reef	pgduckdb	5	basket-pairs.store	1	3637.083
2026-09-19T16:47:34Z	reef	pgduckdb	5	basket-pairs.store	2	3599.711
2026-09-19T16:47:34Z	reef	pgduckdb	5	basket-pairs.store	3	3767.678
2026-09-19T16:47:50Z	reef	pgduckdb	5	brand-returns.store	1	3936.954
2026-09-19T16:47:50Z	reef	pgduckdb	5	brand-returns.store	2	4015.287
2026-09-19T16:47:50Z	reef	pgduckdb	5	brand-returns.store	3	3973.758
2026-09-19T16:48:29Z	reef	pgduckdb	5	category-rollup.store	1	9504.553
2026-09-19T16:48:29Z	reef	pgduckdb	5	category-rollup.store	2	9529.571
2026-09-19T16:48:29Z	reef	pgduckdb	5	category-rollup.store	3	9358.829
2026-09-19T16:48:42Z	reef	pgduckdb	5	clv-buckets.store	1	3193.787
2026-09-19T16:48:42Z	reef	pgduckdb	5	clv-buckets.store	2	3089.604
2026-09-19T16:48:42Z	reef	pgduckdb	5	clv-buckets.store	3	3007.106
2026-09-19T16:49:01Z	reef	pgduckdb	5	cohort-retention.store	1	4907.202
2026-09-19T16:49:02Z	reef	pgduckdb	5	cohort-retention.store	2	4995.378
2026-09-19T16:49:02Z	reef	pgduckdb	5	cohort-retention.store	3	4812.187
2026-09-19T17:01:04Z	reef	pgduckdb	5	delivery-percentiles.store	1	29258.955
2026-09-19T17:01:04Z	reef	pgduckdb	5	delivery-percentiles.store	2	33774.564
2026-09-19T17:01:04Z	reef	pgduckdb	5	delivery-percentiles.store	3	24512.302
2026-09-19T17:01:11Z	reef	pgduckdb	5	detail-extract.store	1	1801.141
2026-09-19T17:01:11Z	reef	pgduckdb	5	detail-extract.store	2	1648.766
2026-09-19T17:01:11Z	reef	pgduckdb	5	detail-extract.store	3	1701.822
2026-09-19T17:01:25Z	reef	duckdb	5	active-customers.store	1	845.000
2026-09-19T17:01:25Z	reef	duckdb	5	active-customers.store	2	822.000
2026-09-19T17:01:25Z	reef	duckdb	5	active-customers.store	3	913.000
2026-09-19T17:01:29Z	reef	duckdb	5	basket-pairs.store	1	583.000
2026-09-19T17:01:29Z	reef	duckdb	5	basket-pairs.store	2	617.000
2026-09-19T17:01:29Z	reef	duckdb	5	basket-pairs.store	3	659.000
2026-09-19T17:01:32Z	reef	duckdb	5	brand-returns.store	1	579.000
2026-09-19T17:01:32Z	reef	duckdb	5	brand-returns.store	2	452.000
2026-09-19T17:01:32Z	reef	duckdb	5	brand-returns.store	3	431.000
2026-09-19T17:02:24Z	reef	duckdb	5	category-rollup.store	1	12352.000
2026-09-19T17:02:24Z	reef	duckdb	5	category-rollup.store	2	12835.000
2026-09-19T17:02:24Z	reef	duckdb	5	category-rollup.store	3	11621.000
2026-09-19T17:02:28Z	reef	duckdb	5	clv-buckets.store	1	645.000
2026-09-19T17:02:28Z	reef	duckdb	5	clv-buckets.store	2	605.000
2026-09-19T17:02:28Z	reef	duckdb	5	clv-buckets.store	3	707.000
2026-09-19T17:02:37Z	reef	duckdb	5	cohort-retention.store	1	1927.000
2026-09-19T17:02:37Z	reef	duckdb	5	cohort-retention.store	2	2042.000
2026-09-19T17:02:37Z	reef	duckdb	5	cohort-retention.store	3	1966.000
2026-09-19T17:02:38Z	reef	duckdb	5	customer-orders.store	1	26.000
2026-09-19T17:02:38Z	reef	duckdb	5	customer-orders.store	2	17.000
2026-09-19T17:02:38Z	reef	duckdb	5	customer-orders.store	3	17.000
2026-09-19T17:03:07Z	reef	duckdb	5	delivery-percentiles.store	1	6662.000
2026-09-19T17:03:07Z	reef	duckdb	5	delivery-percentiles.store	2	6840.000
2026-09-19T17:03:07Z	reef	duckdb	5	delivery-percentiles.store	3	6592.000
2026-09-19T17:03:08Z	reef	duckdb	5	detail-extract.store	1	35.000
2026-09-19T17:03:08Z	reef	duckdb	5	detail-extract.store	2	33.000
2026-09-19T17:03:08Z	reef	duckdb	5	detail-extract.store	3	30.000
2026-09-19T17:03:19Z	reef	duckdb	5	monthly-revenue.store	1	2428.000
2026-09-19T17:03:19Z	reef	duckdb	5	monthly-revenue.store	2	2382.000
2026-09-19T17:03:19Z	reef	duckdb	5	monthly-revenue.store	3	2356.000
2026-09-19T17:03:25Z	reef	duckdb	5	rfm-segments.store	1	1104.000
2026-09-19T17:03:25Z	reef	duckdb	5	rfm-segments.store	2	1196.000
2026-09-19T17:03:25Z	reef	duckdb	5	rfm-segments.store	3	1096.000
2026-09-19T17:03:29Z	reef	duckdb	5	sales-hierarchy.store	1	877.000
2026-09-19T17:03:29Z	reef	duckdb	5	sales-hierarchy.store	2	816.000
2026-09-19T17:03:29Z	reef	duckdb	5	sales-hierarchy.store	3	819.000
2026-09-19T17:03:47Z	reef	duckdb	5	top-products-per-department.store	1	3968.000
2026-09-19T17:03:47Z	reef	duckdb	5	top-products-per-department.store	2	4034.000
2026-09-19T17:03:47Z	reef	duckdb	5	top-products-per-department.store	3	4259.000
2026-09-19T17:03:49Z	reef	duckdb	5	unusual-days.store	1	360.000
2026-09-19T17:03:49Z	reef	duckdb	5	unusual-days.store	2	316.000
2026-09-19T17:03:49Z	reef	duckdb	5	unusual-days.store	3	277.000
2026-09-19T17:04:53Z	reef	duckdb	5	yoy-growth.store	1	15475.000
2026-09-19T17:04:53Z	reef	duckdb	5	yoy-growth.store	2	15163.000
2026-09-19T17:04:53Z	reef	duckdb	5	yoy-growth.store	3	15273.000
2026-09-19T17:04:57Z	reef	mssql	5	active-customers.store	1	1024
2026-09-19T17:04:57Z	reef	mssql	5	active-customers.store	2	734
2026-09-19T17:04:57Z	reef	mssql	5	active-customers.store	3	801
2026-09-19T17:05:13Z	reef	mssql	5	basket-pairs.store	1	3070
2026-09-19T17:05:13Z	reef	mssql	5	basket-pairs.store	2	3224
2026-09-19T17:05:13Z	reef	mssql	5	basket-pairs.store	3	3858
2026-09-19T17:05:20Z	reef	mssql	5	brand-returns.store	1	1331
2026-09-19T17:05:20Z	reef	mssql	5	brand-returns.store	2	1670
2026-09-19T17:05:20Z	reef	mssql	5	brand-returns.store	3	2010
2026-09-19T17:19:05Z	reef	mssql	5	clv-buckets.store	1	54308
2026-09-19T17:19:05Z	reef	mssql	5	clv-buckets.store	2	56368
2026-09-19T17:19:05Z	reef	mssql	5	clv-buckets.store	3	55712
2026-09-19T17:19:15Z	reef	mssql	5	cohort-retention.store	1	2314
2026-09-19T17:19:15Z	reef	mssql	5	cohort-retention.store	2	2282
2026-09-19T17:19:15Z	reef	mssql	5	cohort-retention.store	3	2347
2026-09-19T17:19:15Z	reef	mssql	5	customer-orders.store	1	0
2026-09-19T17:19:15Z	reef	mssql	5	customer-orders.store	2	0
2026-09-19T17:19:15Z	reef	mssql	5	customer-orders.store	3	0
2026-09-19T17:20:21Z	reef	mssql	5	delivery-percentiles.store	1	16468
2026-09-19T17:20:21Z	reef	mssql	5	delivery-percentiles.store	2	15645
2026-09-19T17:20:21Z	reef	mssql	5	delivery-percentiles.store	3	17315
2026-09-19T17:23:58Z	reef	mssql	5	detail-extract.store	1	55287
2026-09-19T17:23:58Z	reef	mssql	5	detail-extract.store	2	52597
2026-09-19T17:23:58Z	reef	mssql	5	detail-extract.store	3	53388
2026-09-19T17:30:17Z	reef	mssql	5	monthly-revenue.store	1	84769
2026-09-19T17:30:17Z	reef	mssql	5	monthly-revenue.store	2	78020
2026-09-19T17:30:17Z	reef	mssql	5	monthly-revenue.store	3	137582
2026-09-19T17:34:17Z	reef	mssql	5	rfm-segments.store	1	59095
2026-09-19T17:34:17Z	reef	mssql	5	rfm-segments.store	2	58728
2026-09-19T17:34:17Z	reef	mssql	5	rfm-segments.store	3	60891
2026-09-19T17:38:14Z	reef	mssql	5	sales-hierarchy.store	1	56972
2026-09-19T17:38:14Z	reef	mssql	5	sales-hierarchy.store	2	55977
2026-09-19T17:38:14Z	reef	mssql	5	sales-hierarchy.store	3	56849
2026-09-19T17:42:42Z	reef	mssql	5	top-products-per-department.store	1	64590
2026-09-19T17:42:42Z	reef	mssql	5	top-products-per-department.store	2	64647
2026-09-19T17:42:42Z	reef	mssql	5	top-products-per-department.store	3	73587
2026-09-19T17:42:45Z	reef	mssql	5	unusual-days.store	1	535
2026-09-19T17:42:45Z	reef	mssql	5	unusual-days.store	2	468
2026-09-19T17:42:45Z	reef	mssql	5	unusual-days.store	3	469
2026-09-19T17:52:16Z	reef	mssql	5	yoy-growth.store	1	136226
2026-09-19T17:52:16Z	reef	mssql	5	yoy-growth.store	2	137730
2026-09-19T17:52:16Z	reef	mssql	5	yoy-growth.store	3	158726
